{
    "diak": [
      {
        "nev": "Kovács Béla",
        "kor": 16,
        "iskola": "Középiskola"
      },
      {
        "nev": "Nagy Anna",
        "kor": 17,
        "iskola": "Általános Iskola"
      },
      {
        "nev": "Szabó Péter",
        "kor": 15,
        "iskola": "Gimnázium"
      },
      {
        "nev": "Kovács Béla",
        "kor": 16,
        "iskola": "Középiskola"
      },
      {
        "nev": "Nagy Anna",
        "kor": 17,
        "iskola": "Általános Iskola"
      },
      {
        "nev": "Szabó Péter",
        "kor": 15,
        "iskola": "Gimnázium"
      },
      {
        "nev": "Kovács Béla",
        "kor": 16,
        "iskola": "Középiskola"
      },
      {
        "nev": "Nagy Anna",
        "kor": 17,
        "iskola": "Általános Iskola"
      },
      {
        "nev": "Szabó Péter",
        "kor": 15,
        "iskola": "Gimnázium"
      },
      {
        "nev": "Kovács Béla",
        "kor": 16,
        "iskola": "Középiskola"
      },
      {
        "nev": "Nagy Anna",
        "kor": 17,
        "iskola": "Általános Iskola"
      },
      {
        "nev": "Szabó Péter",
        "kor": 15,
        "iskola": "Gimnázium"
      }
    ]
  }
  